rep_id,n,tau,rho,p,fun,time
1,33554432,0.5,0.707106781186548,4,divide-and-conquer (DAC),17359.577465416
