rep_id,n,tau,rho,p,fun,time
1,8388608,0.5,0.707106781186548,4,divide-and-conquer (DAC),2854.604641348
