rep_id,n,tau,rho,p,fun,time
1,4194304,0.5,0.707106781186548,4,divide-and-conquer (DAC),1157.445550852
