rep_id,n,tau,rho,p,fun,time
1,917504,-0.01,-0.0157073173118207,2,divide-and-conquer (DAC),0.352366898
1,917504,-0.01,-0.0157073173118207,2,divide-and-conquer (DAC),0.352259359
1,917504,-0.01,-0.0157073173118207,2,divide-and-conquer (DAC),0.354133336
