rep_id,n,tau,rho,p,fun,time
2,589824,-0.01,-0.0157073173118207,2,divide-and-conquer (DAC),0.216748422
2,589824,-0.01,-0.0157073173118207,2,divide-and-conquer (DAC),0.217391837
2,589824,-0.01,-0.0157073173118207,2,divide-and-conquer (DAC),0.217047622
