rep_id,n,tau,rho,p,fun,time
2,786432,-0.01,-0.0157073173118207,2,divide-and-conquer (DAC),0.297958509
2,786432,-0.01,-0.0157073173118207,2,divide-and-conquer (DAC),0.297587225
2,786432,-0.01,-0.0157073173118207,2,divide-and-conquer (DAC),0.295219539
