rep_id,n,tau,rho,p,fun,time
3,458752,-0.01,-0.0157073173118207,2,divide-and-conquer (DAC),0.164918034
3,458752,-0.01,-0.0157073173118207,2,divide-and-conquer (DAC),0.165847079
3,458752,-0.01,-0.0157073173118207,2,divide-and-conquer (DAC),0.165535376
