rep_id,n,tau,rho,p,fun,time
2,393216,-0.01,-0.0157073173118207,2,divide-and-conquer (DAC),0.143517746
2,393216,-0.01,-0.0157073173118207,2,divide-and-conquer (DAC),0.141458243
2,393216,-0.01,-0.0157073173118207,2,divide-and-conquer (DAC),0.143243962
