rep_id,n,tau,rho,p,fun,time
1,720896,-0.01,-0.0157073173118207,2,divide-and-conquer (DAC),0.270506272
1,720896,-0.01,-0.0157073173118207,2,divide-and-conquer (DAC),0.269879448
1,720896,-0.01,-0.0157073173118207,2,divide-and-conquer (DAC),0.269340244
