rep_id,n,tau,rho,p,fun,time
3,655360,-0.01,-0.0157073173118207,2,divide-and-conquer (DAC),0.24307387
3,655360,-0.01,-0.0157073173118207,2,divide-and-conquer (DAC),0.243024592
3,655360,-0.01,-0.0157073173118207,2,divide-and-conquer (DAC),0.240966965
