rep_id,n,tau,rho,p,fun,time
1,327680,-0.01,-0.0157073173118207,2,divide-and-conquer (DAC),0.115898197
1,327680,-0.01,-0.0157073173118207,2,divide-and-conquer (DAC),0.115812887
1,327680,-0.01,-0.0157073173118207,2,divide-and-conquer (DAC),0.115706517
