rep_id,n,tau,rho,p,fun,time
2,983040,-0.01,-0.0157073173118207,2,divide-and-conquer (DAC),0.434954904
2,983040,-0.01,-0.0157073173118207,2,divide-and-conquer (DAC),0.430553602
2,983040,-0.01,-0.0157073173118207,2,divide-and-conquer (DAC),0.429503104
