rep_id,n,tau,rho,p,fun,time
1,131072,-0.01,-0.0157073173118207,2,divide-and-conquer (DAC),0.046040993
1,131072,-0.01,-0.0157073173118207,2,divide-and-conquer (DAC),0.04624519
1,131072,-0.01,-0.0157073173118207,2,divide-and-conquer (DAC),0.046397472
