rep_id,n,tau,rho,p,fun,time
3,851968,-0.01,-0.0157073173118207,2,divide-and-conquer (DAC),0.326808114
3,851968,-0.01,-0.0157073173118207,2,divide-and-conquer (DAC),0.325458115
3,851968,-0.01,-0.0157073173118207,2,divide-and-conquer (DAC),0.324823081
