rep_id,n,tau,rho,p,fun,time
2,196608,-0.01,-0.0157073173118207,2,divide-and-conquer (DAC),0.068786674
2,196608,-0.01,-0.0157073173118207,2,divide-and-conquer (DAC),0.068519407
2,196608,-0.01,-0.0157073173118207,2,divide-and-conquer (DAC),0.067786717
