rep_id,n,tau,rho,p,fun,time
3,262144,-0.01,-0.0157073173118207,2,divide-and-conquer (DAC),0.092563103
3,262144,-0.01,-0.0157073173118207,2,divide-and-conquer (DAC),0.092119756
3,262144,-0.01,-0.0157073173118207,2,divide-and-conquer (DAC),0.09143294
