rep_id,n,tau,rho,p,fun,time
3,1048576,-0.01,-0.0157073173118207,2,divide-and-conquer (DAC),0.457579398
3,1048576,-0.01,-0.0157073173118207,2,divide-and-conquer (DAC),0.454717373
3,1048576,-0.01,-0.0157073173118207,2,divide-and-conquer (DAC),0.453709756
