rep_id,n,tau,rho,p,fun,time
1,524288,-0.01,-0.0157073173118207,2,divide-and-conquer (DAC),0.189963433
1,524288,-0.01,-0.0157073173118207,2,divide-and-conquer (DAC),0.189427198
1,524288,-0.01,-0.0157073173118207,2,divide-and-conquer (DAC),0.190757059
